YEAR	Publication
2021	The Australian
2021	The Australian
2021	The Australian
2021	The Australian
2021	Bay of Plenty Times
2021	The Daily Post
2021	The Australian
2021	The Australian
2021	The Australian
2021	Wanganui Chronicle
2021	Hawkes Bay Today
2021	The Northern Advocate
2021	The Australian
2021	The Australian
2021	The Australian
2021	The Australian
2021	The Australian
2021	Bay of Plenty Times
2021	The Australian
2021	The Australian
2021	Hawkes Bay Today
2021	Wanganui Chronicle
2021	The Northern Advocate
2021	The Australian
2021	The Australian
2021	The Australian
2021	The Australian
2021	The Australian
2021	The Australian
2021	The Australian
2021	The Australian
2021	The Australian
2021	The Australian
2021	The Australian
2021	The Australian
2021	The Australian
2021	The Australian
2021	The Australian
2021	The Australian
2021	Hawkes Bay Today
2021	The Australian
2021	The Australian
2021	The Australian
2021	The Australian
2021	The Australian
2021	The Australian
2021	The Australian
2021	The Australian
2021	The Australian
2021	The Australian
2021	The Australian
2021	The Australian
2021	The Australian
2021	The Australian
2021	The Australian
2021	The Australian
2021	The Australian
2021	The Australian
2021	The Australian
2021	The Australian
2021	The Australian
2021	The Australian
2021	The Australian
2021	The Australian
2021	The Australian
2021	The Australian
2021	The Australian
2021	The New Zealand Herald
2021	The Australian
2021	The Australian
2021	The Australian
2021	The Australian
2021	The Australian
2021	The Australian
2021	The Australian
2021	The Australian
2021	The Australian
2021	The Australian
2021	The Australian
2021	The Australian
2021	The Australian
2021	The Australian
2021	The Australian
2021	The Australian
2021	The Australian
2021	The Australian
2021	The Australian
2021	The Australian
2021	The Australian
2021	The Australian
2021	The Australian
2021	The Australian
2021	The Australian
2021	The Australian
2021	The Australian
2021	The Australian
2021	The Australian
2021	The Australian
2021	The Australian
2021	The Australian
2021	The Australian
2021	The Australian
2021	The Australian
2021	The Australian
2021	The Australian
2021	The Australian
2021	The Australian
2021	The Australian
2021	The Australian
2021	The Australian
2021	The Australian
2021	The Australian
2021	The Australian
2021	The Australian
2021	The Australian
2021	The Australian
2021	Hawkes Bay Today
2021	The Australian
2021	The Australian
2021	The Australian
2021	The Australian
2021	The Australian
2021	The Australian
2021	The Australian
2021	The Australian
2021	The Australian
2021	The Australian
2021	The Australian
2021	The Australian
2021	The Australian
2021	The Australian
2021	The Australian
2021	The Australian
2021	The Australian
2021	Wanganui Chronicle
2021	The New Zealand Herald
2021	The Australian
2021	Hawkes Bay Today
2021	The Australian
2021	The Australian
2021	The Australian
2021	The Australian
2021	The Australian
2021	The Australian
2021	The Australian
2021	The Australian
2021	The Australian
2021	The Australian
2021	The Australian
2021	The Australian
2021	The Australian
2021	The Australian
2021	The Australian
2021	The Australian
2021	The Australian
2021	The Australian
2021	The Australian
2021	The Australian
2021	The Australian
2021	The Australian
2021	The Australian
2021	The Australian
2021	The Australian
2021	The Australian
2021	The Australian
2021	The Australian
2021	The Australian
2021	The Australian
2021	The Australian
2021	The Australian
2021	The Australian
2021	The Australian
2021	The Australian
2021	The Australian
2021	The Australian
2021	The Australian
2021	The Australian
2021	The Australian
2021	The Australian
2021	The Australian
2021	The Australian
2021	The Australian
2021	The Australian
2021	The Australian
2021	The Australian
2021	The Australian
2021	The Australian
2021	The Australian
2021	The Australian
2021	The Australian
2021	The Australian
2021	The Australian
2021	The Australian
2020	The Australian
2020	The Australian
2020	The Australian
2020	The Daily Post
2020	The New Zealand Herald
2020	The Australian
2020	The Australian
2020	The Australian
2020	The Australian
2020	The Australian
2020	The Australian
2020	The Australian
2020	The Australian
2020	The Australian
2020	The Australian
2020	The Australian
2020	The Australian
2020	The Australian
2020	The Australian
2020	The Australian
2020	Wanganui Chronicle
2020	The Australian
2020	The Australian
2020	The Australian
2020	The Australian
2020	The Australian
2020	The Australian
2020	The Australian
2020	The Australian
2020	The Australian
2020	The Australian
2020	The Australian
2020	The Australian
2020	The Australian
2020	The Australian
2020	Hawkes Bay Today
2020	The Australian
2020	The Australian
2020	The Australian
2020	The Australian
2020	The Australian
2020	The Australian
2020	The Australian
2020	The Australian
2020	The Australian
2020	The Daily Post
2020	The Australian
2020	The Australian
2020	The Australian
2020	The Australian
2020	The Australian
2020	The Australian
2020	The Australian
2020	The Australian
2020	The Australian
2020	The Australian
2020	The Australian
2020	The Australian
2020	The Australian
2020	The Australian
2020	The Australian
2020	The Australian
2020	The Australian
2020	The Australian
2020	The Australian
2020	The Australian
2020	The Australian
2020	The Australian
2020	The Australian
2020	The Australian
2020	The Australian
2020	The Australian
2020	The Australian
2020	The Australian
2020	The Australian
2020	The Australian
2020	The Australian
2020	The Australian
2020	The Australian
2020	The Australian
2020	Bay of Plenty Times
2020	The Australian
2020	The Australian
2020	The Australian
2020	The Australian
2020	The Australian
2020	The Australian
2020	The Australian
2020	The Australian
2020	The Australian
2020	The Australian
2020	The Australian
2020	The Australian
2020	The Australian
2020	The Australian
2020	The Australian
2020	The Daily Post
2020	Bay of Plenty Times
2020	The Australian
2020	The Australian
2020	The Australian
2020	The Australian
2020	The Australian
2020	The Australian
2020	The Australian
2020	The Northern Advocate
2020	The New Zealand Herald
2020	The Australian
2020	The Australian
2020	The Australian
2020	The Australian
2020	The Australian
2020	The Australian
2020	The Australian
2020	The Australian
2020	The Northern Advocate
2020	The Australian
2020	The Australian
2020	The Australian
2020	The Australian
2020	The Australian
2020	The Australian
2020	The Australian
2020	The Australian
2020	The Australian
2020	The Australian
2020	The Australian
2020	The Australian
2020	The Australian
2020	The Australian
2020	Bay of Plenty Times
2020	The Australian
2020	The Australian
2020	The Australian
2020	The Australian
2020	The Australian
2020	The Australian
2020	The Australian
2020	The Australian
2020	The Australian
2020	Wanganui Chronicle
2020	The Northern Advocate
2020	Hawkes Bay Today
2020	Bay of Plenty Times
2020	The Australian
2020	The Australian
2020	The Australian
2020	The Australian
2020	The Australian
2020	The Australian
2020	The Australian
2020	The Australian
2020	The Australian
2020	The Australian
2020	The Australian
2020	The Australian
2020	The Australian
2020	The Australian
2020	Bay of Plenty Times
2020	The Daily Post
2020	The Australian
2020	The Australian
2020	The Australian
2020	The Australian
2020	The Australian
2020	The Australian
2020	The Northern Advocate
2020	Wanganui Chronicle
2020	Hawkes Bay Today
2020	The Australian
2020	The Australian
2020	The Australian
2020	The Australian
2020	The Australian
2020	The Australian
2020	The Australian
2020	The Australian
2020	The Australian
2020	The Australian
2020	The Australian
2020	The Australian
2020	The Australian
2020	The Australian
2020	The Australian
2020	The Northern Advocate
2020	The Australian
2020	The Australian
2020	The Australian
2020	The Australian
2020	The Australian
2020	The Australian
2020	The Australian
2020	The Australian
2020	The Australian
2020	The Australian
2020	The Australian
2020	Wanganui Chronicle
2020	The Australian
2020	The Australian
2020	Bay of Plenty Times
2020	The Australian
2020	The Australian
2020	The Australian
2020	The Australian
2020	The Australian
2020	The Australian
2020	The New Zealand Herald
2020	The Australian
2020	The Australian
2020	The Australian
2020	The Australian
2020	The Australian
2020	The Australian
2020	The Australian
2020	The Australian
2020	Bay of Plenty Times
2020	The Australian
2020	The Australian
2020	The Australian
2020	The Australian
2020	The Australian
2020	The Australian
2020	The Australian
2020	The Australian
2020	The Australian
2020	The Australian
2020	The Australian
2020	The Northern Advocate
2020	Wanganui Chronicle
2020	The Australian
2020	The Australian
2020	The Australian
2020	The Australian
2020	The Australian
2020	The Australian
2020	The Australian
2020	The Australian
2020	The Australian
2020	The Northern Advocate
2020	Wanganui Chronicle
2020	The New Zealand Herald
2020	Hawkes Bay Today
2020	Bay of Plenty Times
2020	The Australian
2020	The Australian
2020	Bay of Plenty Times
2020	The Australian
2020	The Australian
2020	The Australian
2020	The Australian
2020	The Northern Advocate
2020	The Australian
2020	The Australian
2020	The Australian
2020	The Australian
2020	The Australian
2020	Wanganui Chronicle
2020	The Northern Advocate
2020	The Australian
2020	The Australian
2020	The Australian
2020	The Australian
2020	The Australian
2020	The Australian
2020	The Australian
2020	The Australian
2020	The Australian
2020	The Australian
2020	The Australian
2020	The Australian
2020	Bay of Plenty Times
2020	The Australian
2020	The Australian
2020	The Australian
2020	Bay of Plenty Times
2020	The Australian
2020	The Australian
2020	The Australian
2020	The Australian
2020	The New Zealand Herald
2020	The Northern Advocate
2020	Hawkes Bay Today
2020	Wanganui Chronicle
2020	The Australian
2020	The Australian
2020	The Australian
2020	The Australian
2020	The Australian
2020	The Australian
2020	The Australian
2020	The Australian
2020	The Australian
2020	The Australian
2020	The Australian
2020	The Australian
2020	The Australian
2020	The New Zealand Herald
2020	Wanganui Chronicle
2020	The Northern Advocate
2020	The Australian
2020	The Australian
2020	The Australian
2020	The Australian
2020	The Northern Advocate
2020	Wanganui Chronicle
2020	The Australian
2020	The Australian
2020	The Australian
2020	The Australian
2020	The Australian
2020	The Australian
2020	The Australian
2020	The Australian
2020	The Northern Advocate
2020	The Australian
2020	The Australian
2020	The Australian
2020	The Australian
2020	The Northern Advocate
2020	The Australian
2020	The Australian
2020	The Australian
2020	The Australian
2020	The Australian
2020	The Australian
2020	The Northern Advocate
2020	The Australian
2020	The Australian
2020	Hawkes Bay Today
2020	Wanganui Chronicle
2020	The Northern Advocate
2020	The Australian
2020	The Australian
2020	The Australian
2020	The Australian
2020	The Australian
2020	The Australian
2020	The Northern Advocate
2020	The Australian
2020	The Australian
2020	Hawkes Bay Today
2020	The Australian
2020	The Australian
2020	The Australian
2020	The Australian
2020	The Australian
2020	The Australian
2020	The Australian
2020	Bay of Plenty Times
2020	The Australian
2020	The Australian
2020	The Australian
2020	The Australian
2020	Bay of Plenty Times
2020	The Australian
2020	The Australian
2020	The Australian
2020	The Australian
2020	The Australian
2020	Wanganui Chronicle
2020	The Northern Advocate
2020	The Australian
2020	The Australian
2020	The Northern Advocate
2020	The Australian
2020	The Australian
2020	The Australian
2020	The Australian
2020	The Australian
2020	The Australian
2020	The Australian
2020	The Australian
2020	Wanganui Chronicle
2020	The Australian
2020	The Australian
2020	The Australian
2020	The Australian
2020	The New Zealand Herald
2020	Bay of Plenty Times
2020	The Australian
2020	The Australian
2020	Bay of Plenty Times
2020	The Daily Post
2020	The Australian
2020	The Australian
2020	The Australian
2020	Bay of Plenty Times
2020	Bay of Plenty Times
2020	The Northern Advocate
2020	Wanganui Chronicle
2020	The Daily Post
2020	The Australian
2020	The Australian
2020	The Australian
2020	The Australian
2020	The Australian
2020	The Australian
2020	The Australian
2020	The Australian
2020	The Australian
2020	Bay of Plenty Times
2020	The New Zealand Herald
2020	The Australian
2020	The Australian
2020	The Australian
2020	The Australian
2020	The Australian
2020	The Australian
2020	The Australian
2020	Wanganui Chronicle
2020	The Northern Advocate
2020	The Australian
2020	The Australian
2020	Bay of Plenty Times
2020	The Australian
2020	The Australian
2020	Wanganui Chronicle
2020	The Northern Advocate
2020	The Australian
2020	The Australian
2020	The Australian
2020	The Australian
2020	The Australian
2020	The Australian
2020	The Northern Advocate
2020	Wanganui Chronicle
2020	The Australian
2020	The Australian
2020	The Australian
2020	The Australian
2020	Wanganui Chronicle
2020	The Australian
2020	The Australian
2020	The Australian
2020	The Australian
2020	The Australian
2020	The Australian
2020	The Australian
2020	The Australian
2020	The Northern Advocate
2020	Hawkes Bay Today
2020	Bay of Plenty Times
2020	The Australian
2020	The Australian
2020	The Australian
2020	The Australian
2020	The Australian
2020	Hawkes Bay Today
2020	Wanganui Chronicle
2020	The Northern Advocate
2020	The New Zealand Herald
2020	The Australian
2020	The Australian
2020	Wanganui Chronicle
2020	The Australian
2020	The Australian
2020	The Australian
2020	The Australian
2020	The Australian
2020	The Australian
2020	The Australian
2020	Wanganui Chronicle
2020	Bay of Plenty Times
2020	The Australian
2020	The Australian
2020	The Australian
2020	The Australian
2020	The Australian
2020	The Australian
2020	The Northern Advocate
2020	The New Zealand Herald
2020	Wanganui Chronicle
2020	The Northern Advocate
2020	The Australian
2020	The Australian
2020	Wanganui Chronicle
2020	The Australian
2020	The Australian
2020	The New Zealand Herald
2020	The Northern Advocate
2020	Wanganui Chronicle
2020	The Daily Post
2020	Hawkes Bay Today
2020	The Australian
2020	Wanganui Chronicle
2020	The Daily Post
2020	The Northern Advocate
2020	Bay of Plenty Times
2020	The Australian
2020	The Australian
2020	The Australian
2020	The Australian
2020	The Australian
2020	Herald on Sunday
2020	The Australian
2020	The Australian
2020	The Australian
2020	The Australian
2020	Wanganui Chronicle
2020	The Australian
2020	The Australian
2020	Bay of Plenty Times
2020	The Australian
2020	Bay of Plenty Times
2020	The Australian
2020	The Australian
2020	Wanganui Chronicle
2020	The Australian
2020	The Australian
2020	Hawkes Bay Today
2020	The Northern Advocate
2020	Wanganui Chronicle
2020	The New Zealand Herald
2020	The Australian
2020	The Australian
2020	Wanganui Chronicle
2020	The Northern Advocate
2020	The Australian
2020	The Australian
2020	The Northern Advocate
2020	Wanganui Chronicle
2020	The New Zealand Herald
2020	Hawkes Bay Today
2020	The Australian
2020	The Australian
2020	The New Zealand Herald
2020	Wanganui Chronicle
2020	The Northern Advocate
2020	Herald on Sunday
2020	The Australian
2020	The Australian
2020	The Northern Advocate
2020	Wanganui Chronicle
2020	The Northern Advocate
2020	Bay of Plenty Times
2020	The Daily Post
2020	The Australian
2020	The Australian
2020	Wanganui Chronicle
2020	The Australian
2020	The Australian
2020	The Australian
2020	The Australian
2020	The Australian
2020	The Australian
2020	Wanganui Chronicle
2020	The Australian
2020	Wanganui Chronicle
2020	The New Zealand Herald
2020	The Australian
2020	The Australian
2020	Wanganui Chronicle
2020	Hawkes Bay Today
2020	The Australian
2020	Wanganui Chronicle
2020	The Australian
2020	The Australian
2020	The Northern Advocate
2020	Wanganui Chronicle
2020	The Australian
2020	The Australian
2020	The Northern Advocate
2020	Wanganui Chronicle
2020	Hawkes Bay Today
2020	The Daily Post
2020	The Northern Advocate
2020	Wanganui Chronicle
2020	The Australian
2020	The Australian
2020	The Northern Advocate
2020	Wanganui Chronicle
2020	The Northern Advocate
2020	The Australian
2020	The Australian
2020	The Australian
2020	Hawkes Bay Today
2020	The Northern Advocate
2020	The Daily Post
2020	Bay of Plenty Times
2020	Wanganui Chronicle
2020	The Australian
2020	The Australian
2020	Bay of Plenty Times
2020	The Australian
2020	The Australian
2020	Wanganui Chronicle
2020	The Northern Advocate
2020	Herald on Sunday
2020	The Australian
2020	The Australian
2020	The Australian
2020	The Australian
2020	The Northern Advocate
2020	The Australian
2020	The Australian
2020	The Australian
2020	Bay of Plenty Times
2020	Wanganui Chronicle
2020	The Daily Post
2020	Bay of Plenty Times
2020	The Australian
2020	The Australian
2020	The Daily Post
2020	The Australian
2020	The New Zealand Herald
2020	Wanganui Chronicle
2020	The Australian
2020	The Australian
2020	The Australian
2020	The Australian
2020	Bay of Plenty Times
2020	The Daily Post
2020	The Australian
2020	The Australian
2020	The Australian
2020	The Australian
2020	The Australian
2020	The New Zealand Herald
2020	Bay of Plenty Times
2020	The Australian
2020	The Australian
2020	The Daily Post
2020	The Australian
2020	Hawkes Bay Today
2020	The Australian
2020	The Australian
2020	The Australian
2020	The Australian
2020	The Australian
2020	The New Zealand Herald
2020	The Northern Advocate
2020	The Australian
2020	The Australian
2020	The New Zealand Herald
2020	The Australian
2020	The Australian
2020	The Australian
2020	The Australian
2020	The Australian
2020	The Australian
2020	The New Zealand Herald
2020	Wanganui Chronicle
2020	Bay of Plenty Times
2020	The Australian
2020	The Australian
2020	The Australian
2020	Bay of Plenty Times
2020	The Australian
2020	The Australian
2020	Wanganui Chronicle
2020	The Northern Advocate
2020	The Australian
2020	The Australian
2020	The Australian
2020	The Australian
2020	The Australian
2020	The Australian
2020	The New Zealand Herald
2020	The Northern Advocate
2020	The Australian
2020	The Australian
2020	The Australian
2020	The Australian
2020	Hawkes Bay Today
2020	The Australian
2020	The Australian
2020	The Australian
2020	The Australian
2020	The Australian
2020	The Australian
2020	The Australian
2020	Bay of Plenty Times
2020	The Daily Post
2020	The Australian
2020	The Australian
2020	Bay of Plenty Times
2020	The Northern Advocate
2020	Wanganui Chronicle
2020	The Australian
2020	The Australian
2020	The Australian
2020	The Australian
2020	The New Zealand Herald
2020	The New Zealand Herald
2020	The New Zealand Herald
2020	The Australian
2020	The Australian
2020	The Australian
2020	Hawkes Bay Today
2020	Wanganui Chronicle
2020	The Northern Advocate
2020	The Australian
2020	The Australian
2020	The Australian
2020	Bay of Plenty Times
2020	The Australian
2020	The Australian
2020	The Australian
2020	The Australian
2020	The Northern Advocate
2020	Wanganui Chronicle
2020	The Australian
2020	The Australian
2020	Bay of Plenty Times
2020	The New Zealand Herald
2020	The Daily Post
2020	The Australian
2020	The Australian
2020	The Australian
2020	The Australian
2020	The Australian
2020	The Australian
2020	The Australian
2020	The Australian
2020	The Australian
2020	Bay of Plenty Times
2020	The Australian
2020	The Australian
2020	The Australian
2020	The Australian
2020	Wanganui Chronicle
2020	Hawkes Bay Today
2020	The Daily Post
2020	The New Zealand Herald
2020	The Australian
2020	The Australian
2020	The Australian
2020	The Australian
2020	The Northern Advocate
2020	The Australian
2020	The Australian
2020	The Australian
2020	The Australian
2020	The Northern Advocate
2020	The Daily Post
2020	Bay of Plenty Times
2020	Bay of Plenty Times
2020	The Australian
2020	The Australian
2020	Bay of Plenty Times
2020	The Daily Post
2020	The Australian
2020	The Australian
2020	The Australian
2020	The Northern Advocate
2020	The Australian
2020	The Australian
2020	The Australian
2020	The Australian
2020	The Australian
2020	The Australian
2020	The Northern Advocate
2020	Wanganui Chronicle
2020	The Northern Advocate
2020	Wanganui Chronicle
2020	The Australian
2020	The Australian
2020	The Australian
2020	Bay of Plenty Times
2020	The Australian
2020	The Australian
2020	The New Zealand Herald
2020	The Australian
2020	Hawkes Bay Today
2020	The Australian
2020	The Australian
2020	The Australian
2020	Hawkes Bay Today
2020	The Australian
2020	The Australian
2020	The Australian
2020	The Australian
2020	The Australian
2020	The New Zealand Herald
2020	Herald on Sunday
2020	Hawkes Bay Today
2020	Wanganui Chronicle
2020	The Northern Advocate
2020	The Australian
2020	The Australian
2020	The Australian
2020	The Australian
2020	The Australian
2020	The Australian